{
	"gems":{
		"cgem1":{
			"emoji":"<:cgem1:492572122120585240>",
			"id":51,
			"chance":0.22,
			"type":"Hunting",
			"amount":1,
			"length":25
		},
		"ugem1":{
			"emoji":"<:ugem1:492572122514980864>",
			"id":52,
			"chance":0.22,
			"type":"Hunting",
			"amount":3,
			"length":25
		},
		"rgem1":{
			"emoji":"<:rgem1:492572122888011776>",
			"id":53,
			"chance":0.20,
			"type":"Hunting",
			"amount":4,
			"length":50
		},
		"egem1":{
			"emoji":"<:egem1:492572122477101056>",
			"id":54,
			"chance":0.20,
			"type":"Hunting",
			"amount":5,
			"length":75
		},
		"mgem1":{
			"emoji":"<:mgem1:492572122590478356>",
			"id":55,
			"chance":0.10,
			"type":"Hunting",
			"amount":6,
			"length":75
		},
		"lgem1":{
			"emoji":"<a:lgem1:492572124251422720>",
			"id":56,
			"chance":0.05,
			"type":"Hunting",
			"amount":7,
			"length":100
		},
		"fgem1":{
			"emoji":"<a:fgem1:492572124070936586>",
			"id":57,
			"chance":0.01,
			"type":"Hunting",
			"amount":9,
			"length":100
		},
		"cgem2":{
			"emoji":"<:cgem2:492803120267788298>",
			"id":58,
			"chance":0.22,
			"type":"Patreon",
			"length":25
		},
		"ugem2":{
			"emoji":"<:ugem2:492803121970413569>",
			"id":59,
			"chance":0.22,
			"type":"Patreon",
			"length":50
		},
		"rgem2":{
			"emoji":"<:rgem2:492803121420959746>",
			"id":60,
			"chance":0.20,
			"type":"Patreon",
			"length":75
		},
		"egem2":{
			"emoji":"<:egem2:492803121245061131>",
			"id":61,
			"chance":0.20,
			"type":"Patreon",
			"length":100
		},
		"mgem2":{
			"emoji":"<:mgem2:492803121840521276>",
			"id":62,
			"chance":0.10,
			"type":"Patreon",
			"length":200
		},
		"lgem2":{
			"emoji":"<a:lgem2:492803122503352321>",
			"id":63,
			"chance":0.05,
			"type":"Patreon",
			"length":300
		},
		"fgem2":{
			"emoji":"<a:fgem2:492804215408820225>",
			"id":64,
			"chance":0.01,
			"type":"Patreon",
			"length":500
		},
		"cgem3":{
			"emoji":"<:cgem3:510366792024195072>",
			"id":65,
			"chance":0.22,
			"type":"Empowering",
			"length":50
		},
		"ugem3":{
			"emoji":"<:ugem3:510366792095367189>",
			"id":66,
			"chance":0.22,
			"type":"Empowering",
			"length":100
		},
		"rgem3":{
			"emoji":"<:rgem3:510366792653340674>",
			"id":67,
			"chance":0.20,
			"type":"Empowering",
			"length":250
		},
		"egem3":{
			"emoji":"<:egem3:510366792800272394>",
			"id":68,
			"chance":0.20,
			"type":"Empowering",
			"length":450
		},
		"mgem3":{
			"emoji":"<:mgem3:510366792447819777>",
			"id":69,
			"chance":0.10,
			"type":"Empowering",
			"length":525
		},
		"lgem3":{
			"emoji":"<a:lgem3:510366794729652224>",
			"id":70,
			"chance":0.05,
			"type":"Empowering",
			"length":800
		},
		"fgem3":{
			"emoji":"<a:fgem3:510366794792566785>",
			"id":71,
			"chance":0.01,
			"type":"Empowering",
			"length":1000
		},
		"cgem4":{
			"emoji":"<:cgem4:510366763255463936>",
			"id":72,
			"chance":0.22,
			"type":"Lucky",
			"length":50,
			"amount":1
		},
		"ugem4":{
			"emoji":"<:ugem4:510366764249382922>",
			"id":73,
			"chance":0.22,
			"type":"Lucky",
			"length":100,
			"amount":2
		},
		"rgem4":{
			"emoji":"<:rgem4:510366763884478464>",
			"id":74,
			"chance":0.20,
			"type":"Lucky",
			"length":250,
			"amount":3
		},
		"egem4":{
			"emoji":"<:egem4:510366763972558848>",
			"id":75,
			"chance":0.20,
			"type":"Lucky",
			"length":450,
			"amount":4
		},
		"mgem4":{
			"emoji":"<:mgem4:510366763993661440>",
			"id":76,
			"chance":0.10,
			"type":"Lucky",
			"length":525,
			"amount":5
		},
		"lgem4":{
			"emoji":"<a:lgem4:510366765826572295>",
			"id":77,
			"chance":0.05,
			"type":"Lucky",
			"length":800,
			"amount":6
		},
		"fgem4":{
			"emoji":"<a:fgem4:510366765340033025>",
			"id":78,
			"chance":0.01,
			"type":"Lucky",
			"length":1000,
			"amount":7
		}
	}
}
