{
	"hunt":{
		"count":[10,50,100,500,1000],
		"cowoncy":[100,500,1000,20000,50000],
		"lootbox":[1,2,3,7,10],
		"crate":[1,2,3,7,10],
		"shards": [100, 200, 300, 700, 1000],
		"chance":[0.4,0.3,0.24,0.05,0.01]
	},
	"battle":{
		"count":[10,50,100,500,1000],
		"cowoncy":[100,500,1000,20000,50000],
		"lootbox":[1,2,3,7,10],
		"crate":[1,2,3,7,10],
		"shards": [100, 200, 300, 700, 1000],
		"chance":[0.4,0.3,0.24,0.05,0.01]
	},
	"gamble":{
		"count":[5,10,25],
		"cowoncy":[250,750,1000],
		"lootbox":[1,2,3],
		"crate":[1,2,3],
		"shards": [100, 200, 300],
		"chance":[0.4,0.4,0.2]
	},
	"owo":{
		"count":[10,50,100,500,1000],
		"cowoncy":[100,500,1000,20000,50000],
		"lootbox":[1,2,3,7,10],
		"crate":[1,2,3,7,10],
		"shards": [100, 200, 300, 700, 1000],
		"chance":[0.4,0.3,0.24,0.05,0.01]
	},
	"emoteTo":{
		"count":[1,3,5],
		"cowoncy":[100,300,500],
		"lootbox":[1,2,3],
		"crate":[1,2,3],
		"shards": [100, 200, 300],
		"chance":[0.5,0.3,0.2]
	},
	"emoteBy":{
		"count":[1,3,5],
		"cowoncy":[200,600,1000],
		"lootbox":[1,2,3],
		"crate":[1,2,3],
		"shards": [100, 200, 300],
		"chance":[0.5,0.3,0.2]
	},
	"find":{
		"count":["rare","epic","mythical"],
		"cowoncy":[500,2500,20000],
		"lootbox":[2,5,8],
		"crate":[2,5,8],
		"shards": [200, 500, 800],
		"chance":[0.5,0.3,0.2]
	},
	"cookieBy":{
		"count":[2,4,6],
		"cowoncy":[500,2500,25000],
		"lootbox":[2,4,8],
		"crate":[2,4,8],
		"shards": [200, 400, 800],
		"chance":[0.5,0.3,0.2]
	},
	"prayBy":{
		"count":[3,5,15],
		"cowoncy":[500,2500,20000],
		"lootbox":[2,4,6],
		"crate":[2,4,6],
		"shards": [200, 400, 600],
		"chance":[0.5,0.3,0.2]
	},
	"curseBy":{
		"count":[3,5,15],
		"cowoncy":[500,2500,20000],
		"lootbox":[2,4,6],
		"crate":[2,4,6],
		"shards": [200, 400, 600],
		"chance":[0.5,0.3,0.2]
	},
	"friendlyBattle":{
		"count":[3,5,15],
		"cowoncy":[500,2500,20000],
		"lootbox":[2,4,6],
		"crate":[2,4,6],
		"shards": [200, 400, 600],
		"chance":[0.5,0.3,0.2]
	},
	"xp":{
		"count":[2500,12500,25000,125000,250000],
		"cowoncy":[100,500,1000,20000,50000],
		"lootbox":[1,2,3,7,10],
		"crate":[1,2,3,7,10],
		"shards": [100, 200, 300, 700, 1000],
		"chance":[0.4,0.3,0.24,0.05,0.01]
	}
}
