{
	"common":[0.588489,":bee:",":bug:",":snail:",":beetle:",":butterfly:"],
	"uncommon":[0.888489,":baby_chick:",":mouse2:",":rooster:",":rabbit2:",":chipmunk:"],
	"rare":[0.988489,":sheep:",":pig2:",":cow2:",":dog2:",":cat2:"],
	"epic":[0.998489,":crocodile:",":tiger2:",":penguin:",":elephant:",":whale:"],
	"mythical":[0.999489,":dragon:",":unicorn:",":snowman2:",":ghost:",":dove:"],
	"legendary":[0.999989,"<a:gsquid:417968419984375808>","<a:gowl:418284974593277954>","<a:glion:418289164736528404>","<a:gfox:418291892376305664>","<a:gdeer:418290217989046274>"],
    	
	"numbers":["⁰","¹","²","³","⁴","⁵","⁶","⁷","⁸","⁹"],
	"order":["common","uncommon","rare","epic","mythical","legendary"],
	"ranks":{
		"common":"<:common:416520037713838081>",
		"uncommon":"<:uncommon:416520056269176842>",
		"rare":"<:rare:416520066629107712>",
		"epic":"<:epic:416520722987614208>",
		"mythical":"<:mythic:416520808501084162>",
		"legendary":"<a:legendary:417955061801680909>"
	},
	"alias":{
		"common":["c"],
		"uncommon":["u","uc"],
		"rare":["r"],
		"epic":["e"],
		"mythical":["m","mythic"],
		"legendary":["l","legend"]
	},
	"rollprice":5,
	"question":"<:question:416100711412137984>",
	"price":{
		"common":1,
		"uncommon":3,
		"rare":10,
		"epic":250,
		"mythical":5000,
		"legendary":15000
	},
	"points":{
		"common":1,
		"uncommon":5,
		"rare":20,
		"epic":250,
		"mythical":3000,
		"legendary":10000
	},
	"essence":{
		"common":1,
		"uncommon":5,
		"rare":20,
		"epic":250,
		"mythical":3000,
		"legendary":10000
	},
	"list":{
		"bee":{
			"value":":bee:",
			"desc":"How do bees go to school?\n~   On the school buzz!",
			"uni":"🐝",
			"alt":["wasp"],
			"hpr":1,
			"attr":5,
			"wpr":3,
			"magr":3,
			"prr":2,
			"mrr":1
		},
		"bug":{
			"value":":bug:",
			"desc":"It's a worm.",
			"uni":"🐛",
			"alt":["worm","caterpillar"],
			"attr":2,
			"hpr":3,
			"wpr":4,
			"magr":2,
			"prr":2,
			"mrr":2
		},
		"snail":{
			"value":":snail:",
			"desc":"The slowest animal, but the toughest in the zoo",
			"uni":"🐌",
			"alt":["slug"],
			"attr":1,
			"hpr":8,
			"wpr":3,
			"magr":5,
			"prr":2,
			"mrr":1
		},
		"beetle":{
			"value":":beetle:",
			"desc":"Are they all female?",
			"uni":"🐞",
			"alt":["ladybug"],
			"attr":2,
			"hpr":4,
			"wpr":3,
			"magr":2,
			"prr":2,
			"mrr":2
		},
		"butterfly":{
			"value":":butterfly:",
			"desc":"Why did you throw butter out the window?\n~ To see a butter fly!",
			"uni":"🦋",
			"alt":[],
			"attr":1,
			"hpr":1,
			"wpr":5,
			"magr":5,
			"prr":1,
			"mrr":2
		},
		"chick":{
			"value":":baby_chick:",
			"desc":"chirp chirp! It's so cute!",
			"uni":"🐤",
			"alt":["baby_chick"],
			"attr":2,
			"hpr":3,
			"wpr":3,
			"magr":3,
			"prr":3,
			"mrr":2
		},
		"mouse":{
			"value":":mouse2:",
			"desc":"~~sqeak~~ squeak!",
			"uni":"🐁",
			"alt":["mouse2","rat"],
			"attr":3,
			"hpr":3,
			"wpr":3,
			"magr":3,
			"prr":2,
			"mrr":2
		},
		"chicken":{
			"value":":rooster:",
			"desc":"The alarm cluck",
			"uni":"🐓",
			"alt":["rooster"],
			"attr":4,
			"hpr":3,
			"wpr":2,
			"magr":2,
			"prr":3,
			"mrr":2
		},
		"rabbit":{
			"value":":rabbit2:",
			"desc":"There's a ton of them.",
			"uni":"🐇",
			"alt":["rabbit2","bunny"],
			"attr":4,
			"hpr":3,
			"wpr":3,
			"magr":2,
			"prr":2,
			"mrr":2
		},
		"chipmunk":{
			"value":":chipmunk:",
			"desc":"Don't mess with them.",
			"uni":"🐿",
			"alt":["squirrel"],
			"attr":5,
			"hpr":3,
			"wpr":3,
			"magr":2,
			"prr":2,
			"mrr":1
		},
		"sheep":{
			"value":":sheep:",
			"desc":"Tastes like cotten candy!",
			"uni":"🐑",
			"alt":["ram","goat"],
			"attr":2,
			"hpr":5,
			"wpr":3,
			"magr":1,
			"prr":2,
			"mrr":4
		},
		"pig":{
			"value":":pig2:",
			"desc":"aka ur mum",
			"uni":"🐖",
			"alt":["pig2"],
			"attr":2,
			"hpr":4,
			"wpr":2,
			"magr":2,
			"prr":3,
			"mrr":4
		},
		"cow":{
			"value":":cow2:",
			"desc":"Some say that they are highly sought-after",
			"uni":"🐄",
			"alt":["cow2"],
			"attr":4,
			"hpr":5,
			"wpr":1,
			"magr":1,
			"prr":3,
			"mrr":3
		},
		"dog":{
			"value":":dog2:",
			"desc":"Very loyal and protective",
			"uni":"🐕",
			"alt":["dog2","doggy","puppy","wolf"],
			"attr":6,
			"hpr":4,
			"wpr":1,
			"magr":1,
			"prr":3,
			"mrr":2
		},
		"cat":{
			"value":":cat2:",
			"desc":"They shoot lazers.",
			"uni":"🐈",
			"alt":["cat2","kitty","kitten"],
			"attr":1,
			"hpr":3,
			"wpr":6,
			"magr":3,
			"prr":1,
			"mrr":3
		},
		"crocodile":{
			"value":":crocodile:",
			"desc":"How do you tell the difference between an alligator and an crocodile?\n~ You will see one later and one in a while",
			"uni":"🐊",
			"alt":["alligator"],
			"attr":4,
			"hpr":3,
			"wpr":2,
			"magr":1,
			"prr":4,
			"mrr":4
		},
		"tiger":{
			"value":":tiger2:",
			"desc":"Just a very large kitty",
			"uni":"🐅",
			"alt":["tiger2","cheetah"],
			"attr":6,
			"hpr":4,
			"wpr":1,
			"magr":3,
			"prr":2,
			"mrr":2
		},
		"penguin":{
			"value":":penguin:",
			"desc":"The birds that can't fly",
			"uni":"🐧",
			"alt":[],
			"attr":1,
			"hpr":2,
			"wpr":6,
			"magr":5,
			"prr":2,
			"mrr":2
		},
		"elephant":{
			"value":":elephant:",
			"desc":"They don't actually eat peanuts",
			"uni":"🐘",
			"alt":[],
			"attr":5,
			"hpr":5,
			"wpr":1,
			"magr":1,
			"prr":3,
			"mrr":3
		},
		"whale":{
			"value":":whale:",
			"desc":"whale, whale, whale, look what we have here",
			"uni":"🐳",
			"alt":[],
			"attr":1,
			"hpr":7,
			"wpr":1,
			"magr":2,
			"prr":3,
			"mrr":4
		},
		"dragon":{
			"value":":dragon:",
			"desc":"It's a snake with wings!",
			"uni":"🐉",
			"alt":[],
			"attr":8,
			"hpr":4,
			"wpr":3,
			"magr":1,
			"prr":1,
			"mrr":2
		},
		"unicorn":{
			"value":":unicorn:",
			"desc":"Basically horses with 2x the magic",
			"uni":"🦄",
			"alt":[],
			"attr":1,
			"hpr":2,
			"wpr":6,
			"magr":6,
			"prr":2,
			"mrr":2
		},
		"snowman":{
			"value":":snowman2:",
			"desc":"He comes to life at night!",
			"uni":"☃",
			"alt":["snowman2","snow"],
			"attr":2,
			"hpr":3,
			"wpr":8,
			"magr":3,
			"prr":1,
			"mrr":2
		},
		"ghost":{
			"value":":ghost:",
			"desc":"Boo.\nDid I scare you?",
			"uni":"👻",
			"alt":["monster"],
			"attr":2,
			"hpr":2,
			"wpr":3,
			"magr":3,
			"prr":8,
			"mrr":1
		},
		"dove":{
			"value":":dove:",
			"desc":"Very majestic",
			"uni":"🕊",
			"alt":["bird"],
			"attr":4,
			"hpr":4,
			"wpr":2,
			"magr":1,
			"prr":4,
			"mrr":4
		},
		"squid":{
			"value":"<a:gsquid:417968419984375808>",
			"desc":"Huggable tentacle monster",
			"alt":["gsquid"],
			"attr":1,
			"hpr":3,
			"wpr":6,
			"magr":6,
			"prr":2,
			"mrr":2
		},
		"owl":{
			"value":"<a:gowl:418284974593277954>",
			"desc":"Forever petrified in this golden state, the owl is always watching you.",
			"alt":["gowl"],
			"attr":1,
			"hpr":10,
			"wpr":1,
			"magr":2,
			"prr":3,
			"mrr":3
		},
		"lion":{
			"value":"<a:glion:418289164736528404>",
			"desc":"The king of the jungle\nand a vewy good kitty",
			"alt":["glion"],
			"attr":7,
			"hpr":7,
			"wpr":1,
			"magr":1,
			"prr":2,
			"mrr":2
		},
		"fox":{
			"value":"<a:gfox:418291892376305664>",
			"desc":"Ring-ding-ding-ding-dingeringeding!\nGering-ding-ding-ding-dingeringeding!\nGering-ding-ding-ding-dingeringeding!",
			"alt":["gfox"],
			"attr":4,
			"hpr":4,
			"wpr":4,
			"magr":2,
			"prr":3,
			"mrr":3
		},
		"deer":{
			"value":"<a:gdeer:418290217989046274>",
			"desc":"A sparkly magical creature!\nWhat does it do, you might ask.*\n***it sparkles**",
			"alt":["gdeer"],
			"attr":1,
			"hpr":3,
			"wpr":3,
			"magr":11,
			"prr":1,
			"mrr":1
		}
	}
}
